epoch,time,train/loss,metrics/accuracy_top1,metrics/accuracy_top5,val/loss,lr/pg0,lr/pg1,lr/pg2,lr/pg3,lr/pg4,lr/pg5,lr/pg6,lr/pg7
1,507.765,2.39017,0.69101,0.90578,1.13902,0.00999808,0.00333269,0.00999808,0.00333269,0.00999808,0.00333269,0.00999808,0.00333269
2,871.865,1.5695,0.71994,0.91932,1.02781,0.0199785,0.00665951,0.0199785,0.00665951,0.0199785,0.00665951,0.0199785,0.00665951
3,1182.12,1.82142,0.68676,0.90732,1.14443,0.029881,0.00996033,0.029881,0.00996033,0.029881,0.00996033,0.029881,0.00996033
4,1476.53,1.89364,0.72197,0.92232,0.99317,0.029737,0.00991232,0.029737,0.00991232,0.029737,0.00991232,0.029737,0.00991232
5,1767.86,1.6462,0.75534,0.9377,0.85733,0.0295335,0.00984449,0.0295335,0.00984449,0.0295335,0.00984449,0.0295335,0.00984449
6,2059.41,1.48151,0.77914,0.94873,0.76636,0.0292732,0.00975773,0.0292732,0.00975773,0.0292732,0.00975773,0.0292732,0.00975773
7,2351.84,1.36416,0.79327,0.95415,0.7159,0.0289572,0.00965239,0.0289572,0.00965239,0.0289572,0.00965239,0.0289572,0.00965239
8,2645.85,1.28611,0.80313,0.95676,0.67898,0.0285867,0.00952889,0.0285867,0.00952889,0.0285867,0.00952889,0.0285867,0.00952889
9,2938.35,1.2153,0.81039,0.96101,0.64986,0.0281632,0.00938772,0.0281632,0.00938772,0.0281632,0.00938772,0.0281632,0.00938772
10,3229.38,1.17227,0.81378,0.96237,0.62939,0.0276883,0.00922942,0.0276883,0.00922942,0.0276883,0.00922942,0.0276883,0.00922942
11,3522.34,1.13853,0.82084,0.96285,0.62363,0.0271639,0.00905463,0.0271639,0.00905463,0.0271639,0.00905463,0.0271639,0.00905463
12,3812.93,1.1023,0.82287,0.9644,0.60523,0.0265921,0.00886404,0.0265921,0.00886404,0.0265921,0.00886404,0.0265921,0.00886404
13,4102.73,1.06615,0.82442,0.96556,0.59662,0.0259752,0.00865839,0.0259752,0.00865839,0.0259752,0.00865839,0.0259752,0.00865839
14,4392.92,1.04341,0.82713,0.96604,0.58923,0.0253155,0.00843851,0.0253155,0.00843851,0.0253155,0.00843851,0.0253155,0.00843851
15,4684.05,1.01595,0.82829,0.96604,0.58218,0.0246157,0.00820525,0.0246157,0.00820525,0.0246157,0.00820525,0.0246157,0.00820525
16,4975.49,0.9917,0.83061,0.96701,0.57645,0.0238786,0.00795954,0.0238786,0.00795954,0.0238786,0.00795954,0.0238786,0.00795954
17,5265.88,0.97232,0.83332,0.96759,0.56974,0.023107,0.00770234,0.023107,0.00770234,0.023107,0.00770234,0.023107,0.00770234
18,5557.26,0.94368,0.83545,0.96846,0.56251,0.022304,0.00743468,0.022304,0.00743468,0.022304,0.00743468,0.022304,0.00743468
19,5848.47,0.92332,0.8367,0.96914,0.55608,0.0214728,0.00715761,0.0214728,0.00715761,0.0214728,0.00715761,0.0214728,0.00715761
20,6140.8,0.90102,0.83767,0.97098,0.55192,0.0206166,0.00687222,0.0206166,0.00687222,0.0206166,0.00687222,0.0206166,0.00687222
21,6431.81,0.86721,0.83951,0.97107,0.54711,0.0197389,0.00657963,0.0197389,0.00657963,0.0197389,0.00657963,0.0197389,0.00657963
22,6722.51,0.84742,0.84202,0.97166,0.54892,0.018843,0.00628101,0.018843,0.00628101,0.018843,0.00628101,0.018843,0.00628101
23,7013.14,0.824,0.84454,0.97282,0.53262,0.0179326,0.00597754,0.0179326,0.00597754,0.0179326,0.00597754,0.0179326,0.00597754
24,7305.5,0.80652,0.84618,0.97349,0.52595,0.0170112,0.0056704,0.0170112,0.0056704,0.0170112,0.0056704,0.0170112,0.0056704
25,7600.82,0.77812,0.84705,0.97398,0.52023,0.0160824,0.00536081,0.0160824,0.00536081,0.0160824,0.00536081,0.0160824,0.00536081
26,7893.05,0.75716,0.84822,0.97417,0.51426,0.01515,0.00505,0.01515,0.00505,0.01515,0.00505,0.01515,0.00505
27,8187.52,0.73306,0.85015,0.97475,0.50855,0.0142176,0.00473919,0.0142176,0.00473919,0.0142176,0.00473919,0.0142176,0.00473919
28,8482.09,0.6999,0.85208,0.97533,0.50303,0.0132888,0.0044296,0.0132888,0.0044296,0.0132888,0.0044296,0.0132888,0.0044296
29,8775.21,0.68012,0.85363,0.97562,0.49854,0.0123674,0.00412246,0.0123674,0.00412246,0.0123674,0.00412246,0.0123674,0.00412246
30,9073.51,0.64737,0.85508,0.9764,0.49918,0.011457,0.00381899,0.011457,0.00381899,0.011457,0.00381899,0.011457,0.00381899
31,9368.89,0.61616,0.85644,0.9762,0.48684,0.0105611,0.00352037,0.0105611,0.00352037,0.0105611,0.00352037,0.0105611,0.00352037
32,9663.01,0.59383,0.85886,0.97582,0.48329,0.00968335,0.00322778,0.00968335,0.00322778,0.00968335,0.00322778,0.00968335,0.00322778
33,9956.34,0.57103,0.85992,0.97688,0.47906,0.00882718,0.00294239,0.00882718,0.00294239,0.00882718,0.00294239,0.00882718,0.00294239
34,10248,0.53281,0.86234,0.97746,0.47071,0.00799596,0.00266532,0.00799596,0.00266532,0.00799596,0.00266532,0.00799596,0.00266532
35,10537.1,0.50947,0.86253,0.97765,0.46629,0.00719297,0.00239766,0.00719297,0.00239766,0.00719297,0.00239766,0.00719297,0.00239766
36,10829.3,0.48545,0.86408,0.97785,0.46179,0.00642139,0.00214046,0.00642139,0.00214046,0.00642139,0.00214046,0.00642139,0.00214046
37,11120.5,0.45686,0.86514,0.97891,0.45724,0.00568425,0.00189475,0.00568425,0.00189475,0.00568425,0.00189475,0.00568425,0.00189475
38,11409.8,0.43317,0.86718,0.97862,0.46264,0.00498448,0.00166149,0.00498448,0.00166149,0.00498448,0.00166149,0.00498448,0.00166149
39,11700.8,0.4076,0.86872,0.97862,0.45114,0.00432482,0.00144161,0.00432482,0.00144161,0.00432482,0.00144161,0.00432482,0.00144161
40,11991.4,0.38282,0.8694,0.97959,0.44757,0.00370788,0.00123596,0.00370788,0.00123596,0.00370788,0.00123596,0.00370788,0.00123596
41,12283.1,0.36144,0.87008,0.97988,0.44514,0.0031361,0.00104537,0.0031361,0.00104537,0.0031361,0.00104537,0.0031361,0.00104537
42,12573.7,0.342,0.87066,0.98065,0.44301,0.00261173,0.000870577,0.00261173,0.000870577,0.00261173,0.000870577,0.00261173,0.000870577
43,12866,0.32637,0.87192,0.98036,0.44107,0.00213685,0.000712282,0.00213685,0.000712282,0.00213685,0.000712282,0.00213685,0.000712282
44,13156.4,0.31355,0.87346,0.98046,0.43928,0.00171332,0.000571106,0.00171332,0.000571106,0.00171332,0.000571106,0.00171332,0.000571106
45,13448.7,0.30082,0.87482,0.98036,0.44878,0.00134282,0.000447606,0.00134282,0.000447606,0.00134282,0.000447606,0.00134282,0.000447606
46,13744.5,0.28705,0.87521,0.98065,0.43651,0.00102681,0.00034227,0.00102681,0.00034227,0.00102681,0.00034227,0.00102681,0.00034227
47,14038.5,0.28045,0.87637,0.98075,0.44141,0.00076654,0.000255513,0.00076654,0.000255513,0.00076654,0.000255513,0.00076654,0.000255513
48,14333.8,0.26746,0.87656,0.98065,0.4355,0.000563034,0.000187678,0.000563034,0.000187678,0.000563034,0.000187678,0.000563034,0.000187678
49,14635.6,0.26315,0.87656,0.98094,0.4353,0.000417097,0.000139032,0.000417097,0.000139032,0.000417097,0.000139032,0.000417097,0.000139032
50,14940.7,0.2614,0.87637,0.98114,0.4395,0.000329303,0.000109768,0.000329303,0.000109768,0.000329303,0.000109768,0.000329303,0.000109768
